{"count":1,"self":11.7440736,"total":12.1026303,"children":{"InitializeActuators":{"count":1,"self":0.0030204999999999997,"total":0.0030204999999999997,"children":null},"InitializeSensors":{"count":1,"self":0.0019947999999999997,"total":0.0019947999999999997,"children":null},"AgentSendState":{"count":556,"self":0.0129518,"total":0.0239305,"children":{"CollectObservations":{"count":112,"self":0.0049537999999999995,"total":0.0049537999999999995,"children":null},"CollectDiscreteActionMasks":{"count":112,"self":0.0010306999999999998,"total":0.0010306999999999998,"children":null},"RequestDecision":{"count":112,"self":0.0049942,"total":0.0049942,"children":null}}},"DecideAction":{"count":556,"self":0.2896064,"total":0.31264949999999997,"children":{"RayPerceptionSensor.Perceive":{"count":112,"self":0.0230431,"total":0.0230431,"children":null}}},"AgentAct":{"count":556,"self":0.014967099999999999,"total":0.014967099999999999,"children":null}},"gauges":{},"metadata":{"timer_format_version":"0.1.0","start_time_seconds":"1608030386","unity_version":"2019.4.16f1","command_line_arguments":"C:\\Users\\Win10\\ml-agents\\Pinguim\\Build_Paralelo_8\\Pinguim.exe","communication_protocol_version":"1.2.0","com.unity.ml-agents_version":"1.6.0-preview","scene_name":"Penguin","end_time_seconds":"1608030398"}}