{
    "name": "root",
    "gauges": {
        "Penguin.Policy.Entropy.mean": {
            "value": 0.8070270419120789,
            "min": 0.8051978349685669,
            "max": 1.7819939851760864,
            "count": 40
        },
        "Penguin.Policy.ExtrinsicValueEstimate.mean": {
            "value": 1.0674479007720947,
            "min": -0.11341500282287598,
            "max": 1.1501902341842651,
            "count": 40
        },
        "Penguin.Environment.EpisodeLength.mean": {
            "value": 701.2857142857143,
            "min": 498.6,
            "max": 999.0,
            "count": 40
        },
        "Penguin.Environment.CumulativeReward.mean": {
            "value": 6.869401036628655,
            "min": -1.0000000521540642,
            "max": 7.400880980491638,
            "count": 40
        },
        "Penguin.Policy.ExtrinsicReward.mean": {
            "value": 6.869401036628655,
            "min": -1.0000000521540642,
            "max": 7.400880980491638,
            "count": 40
        },
        "Penguin.Losses.PolicyLoss.mean": {
            "value": 0.06661208923388687,
            "min": 0.05719324716483243,
            "max": 0.07635580813803244,
            "count": 40
        },
        "Penguin.Losses.ValueLoss.mean": {
            "value": 0.044755089678801596,
            "min": 0.00031782448238320486,
            "max": 0.04947638725085805,
            "count": 40
        },
        "Penguin.Policy.LearningRate.mean": {
            "value": 4.22609859133333e-06,
            "min": 4.22609859133333e-06,
            "max": 0.000295212001596,
            "count": 40
        },
        "Penguin.Policy.Epsilon.mean": {
            "value": 0.10140866666666669,
            "min": 0.10140866666666669,
            "max": 0.19840400000000002,
            "count": 40
        },
        "Penguin.Policy.Beta.mean": {
            "value": 0.0001507257999999999,
            "min": 0.0001507257999999999,
            "max": 0.0098405596,
            "count": 40
        },
        "Penguin.IsTraining.mean": {
            "value": 1.0,
            "min": 1.0,
            "max": 1.0,
            "count": 40
        }
    },
    "metadata": {
        "timer_format_version": "0.1.0",
        "start_time_seconds": "1607836991",
        "python_version": "3.7.9 (default, Aug 31 2020, 17:10:11) [MSC v.1916 64 bit (AMD64)]",
        "command_line_arguments": "C:\\Users\\Win10\\anaconda3\\envs\\ml-agents\\Scripts\\mlagents-learn config/Penguin.yaml --run-id Penguin",
        "mlagents_version": "0.22.0",
        "mlagents_envs_version": "0.22.0",
        "communication_protocol_version": "1.2.0",
        "pytorch_version": "1.7.0+cu110",
        "numpy_version": "1.18.5",
        "end_time_seconds": "1607839088"
    },
    "total": 2096.9357315,
    "count": 1,
    "self": 0.1335191000002851,
    "children": {
        "run_training.setup": {
            "total": 0.014071499999999793,
            "count": 1,
            "self": 0.014071499999999793
        },
        "TrainerController.start_learning": {
            "total": 2096.7881409,
            "count": 1,
            "self": 4.843631800071762,
            "children": {
                "TrainerController._reset_env": {
                    "total": 26.7320316,
                    "count": 1,
                    "self": 26.7320316
                },
                "TrainerController.advance": {
                    "total": 2065.1123363999286,
                    "count": 200229,
                    "self": 2.5602592998779983,
                    "children": {
                        "env_step": {
                            "total": 2062.5520771000506,
                            "count": 200229,
                            "self": 1341.177701400109,
                            "children": {
                                "SubprocessEnvManager._take_step": {
                                    "total": 718.9568075999388,
                                    "count": 200229,
                                    "self": 11.049360699903104,
                                    "children": {
                                        "TorchPolicy.evaluate": {
                                            "total": 707.9074469000357,
                                            "count": 200125,
                                            "self": 149.77473590006866,
                                            "children": {
                                                "TorchPolicy.sample_actions": {
                                                    "total": 558.132710999967,
                                                    "count": 200125,
                                                    "self": 558.132710999967
                                                }
                                            }
                                        }
                                    }
                                },
                                "workers": {
                                    "total": 2.4175681000026366,
                                    "count": 200229,
                                    "self": 0.0,
                                    "children": {
                                        "worker_root": {
                                            "total": 2065.7229259000032,
                                            "count": 200229,
                                            "is_parallel": true,
                                            "self": 905.3211986999902,
                                            "children": {
                                                "steps_from_proto": {
                                                    "total": 0.0004901000000003819,
                                                    "count": 1,
                                                    "is_parallel": true,
                                                    "self": 0.0002265000000036821,
                                                    "children": {
                                                        "_process_vector_observation": {
                                                            "total": 0.0002635999999966998,
                                                            "count": 4,
                                                            "is_parallel": true,
                                                            "self": 0.0002635999999966998
                                                        }
                                                    }
                                                },
                                                "UnityEnvironment.step": {
                                                    "total": 1160.401237100013,
                                                    "count": 200229,
                                                    "is_parallel": true,
                                                    "self": 16.555649999934076,
                                                    "children": {
                                                        "UnityEnvironment._generate_step_input": {
                                                            "total": 12.211625300003739,
                                                            "count": 200229,
                                                            "is_parallel": true,
                                                            "self": 12.211625300003739
                                                        },
                                                        "communicator.exchange": {
                                                            "total": 1074.8027102000422,
                                                            "count": 200229,
                                                            "is_parallel": true,